"","captures","censored","tags"
"1","AAAA0000000000000000000000000000000000000000000000000000000000000000000000000000000000000000000000000000000000","1","111129d"
"2","00B00000000000000000000000000000000000000000000000000000000000000000000000000000000000000000000000000000000000","1","1000848"
"3","00B00000000000000000000000000000000000000000000000000000000000000000000000000000000000000000000000000000000000","1","1000906"
"4","00000000000000B0B000000000000000000000000000000000000000000000000000000000000000000000000000000000000000000000","1","6013188d"
"5","00000000000000BB0B00000000000000000000000000000000000000000000000000000000000000000000000000000000000000000000","1","6011191d"
"6","00000000000000BB0000000BBB0000000000B00A0000000000000000000000000000000000000000000000000000000000000000000000","1","6012194d"
"7","00000000000000C0BB0B000000000000000000000000000000000000000000000000000000000000000000000000000000000000000000","1","6014198d"
"8","000000000000000A0000000000000000000000000000000000000000000000000000000000000000000000000000000000000000000000","1","6101206d"
"9","000000000000000AAA00000000000000000000000000000000000000000000000000000000000000000000000000000000000000000000","1","6102209d"
"10","00000000000000000B00000000000000000000000000000000000000000000000000000000000000000000000000000000000000000000","1","1002666"
"11","00000000000000000000000BB000000000000000000000000000B000000000000000000000000000000000000000000000000000000000","1","6113241d"
"12","00000000000000000000000B00B0000000000000000000000000AA00000000000000000000000000000000000000000000000000000000","1","6112239d"
"13","0000000000000000000000000B00000000000000000000000000B000000000000000000000000000000000000000000000000000000000","1","7000244d"
"14","00000000000000000000000000BCCC0000000000000000000000BBB0000000000000000000000000000000000000000000000000000000","1","7001247d"
"15","00000000000000000000000000BB000000000000000000000000A000000000000000000000000000000000000000000000000000000000","1","7002250d"
"16","00000000000000000000000000B0000000000000000000000000B000000000000000000000000000000000000000000000000000000000","1","7004106d"
"17","000000000000000000000000000CA00000000000000000000000B000000000000000000000000000000000000000000000000000000000","1","7013101d"
"18","0000000000000000000000000000A0000000AA0A0000000000000000000000000000000000000000000000000000000000000000000000","1","7014"
"19","0000000000000000000000000000B000000000000000000000000B00000000000000000000000000000000000000000000000000000000","1","7101259d"
"20","0000000000000000000000000000B0000000B000000000000000B000000000000000000000000000000000000000000000000000000000","1","7102261d"
"21","00000000000000000000000000000A00000000000000000000000000000000000000000000000000000000000000000000000000000000","1","7104263d"
"22","00000000000000000000000000000B000000B0B00000000000000A00000000000000000000000000000000000000000000000000000000","1","7103265d"
"23","00000000000000000000000000000000C00000000000000000000000000000000000000000000000000000000000000000000000000000","1","7110"
"24","00000000000000000000000000000000000A00000000000000000000000000000000000000000000000000000000000000000000000000","1","1373"
"25","000000000000000000000000000000000000A0000000000000000000000000000000000000000000000000000000000000000000000000","1","7112"
"26","000000000000000000000000000000000000C0000000000000000000000000000000000000000000000000000000000000000000000000","1","7114"
"27","0000000000000000000000000000000000000A000000000000000000000000000000000000000000000000000000000000000000000000","1","8000"
"28","0000000000000000000000000000000000000B000000000000000000000000000000000000000000000000000000000000000000000000","1","1004626"
"29","00000000000000000000000000000000000000A00000000000000000000000000000000000000000000000000000000000000000000000","1","8011"
"30","00000000000000000000000000000000000000BB0000000000000000000000000000000000000000000000000000000000000000000000","1","8003"
"31","00000000000000000000000000000000000000B00000000000000000000000000000000000000000000000000000000000000000000000","1","8004"
"32","00000000000000000000000000000000000000BB0000000B00000000000000000000000000000000000000000000000000000000000000","1","800212m"
"33","00000000000000000000000000000000000000A00000000000000000000000000000000000000000000000000000000000000000000000","1","8012"
"34","00000000000000000000000000000000000000B0000000B000000000000000000000000000000000000000000000000000000000000000","1","8010"
"35","00000000000000000000000000000000000000AA0000000000000000000000000000000000000000000000000000000000000000000000","1","8013"
"36","00000000000000000000000000000000000000CA00000000A0B00000000000000000000000000000000000000000000000000000000000","1","8113"
"37","00000000000000000000000000000000000000BBBB000000BBC00000000000000000000000000000000000000000000000000000000000","1","8101170d"
"38","00000000000000000000000000000000000000BBBB00000BB000000000B000000000000000000000000000000000000000000000000000","1","8102172d"
"39","00000000000000000000000000000000000000C00A00A00000000000000000000000000000000000000000000000000000000000000000","1","8104"
"40","00000000000000000000000000000000000000BB0B00000000000000000000000000000000000000000000000000000000000000000000","1","8103174d"
"41","00000000000000000000000000000000000000A00000000000000000000000000000000000000000000000000000000000000000000000","1","8014"
"42","00000000000000000000000000000000000000BB0000B0BBA0000000000000000000000000000000000000000000000000000000000000","1","8100113d"
"43","000000000000000000000000000000000000000B0000000000000000000000000000000000000000000000000000000000000000000000","1","1004750"
"44","000000000000000000000000000000000000000B0000000000000000000000000000000000000000000000000000000000000000000000","1","2119d"
"45","000000000000000000000000000000000000000B0000000000000000000000000000000000000000000000000000000000000000000000","1","1004797"
"46","000000000000000000000000000000000000000BBB00000000000000000000000000000000000000000000000000000000000000000000","1","3111d"
"47","0000000000000000000000000000000000000000B0B00B000B000000000000000000000000000000000000000000000000000000000000","1","10217d"
"48","00000000000000000000000000000000000000000A00000000000000000000000000000000000000000000000000000000000000000000","1","567"
"49","00000000000000000000000000000000000000000B00000000000000000000000000000000000000000000000000000000000000000000","1","101222d"
"50","00000000000000000000000000000000000000000A00000B00B00000000000000000000000000000000000000000000000000000000000","1","102230d"
"51","0000000000000000000000000000000000000000000B000000000000000000000000000000000000000000000000000000000000000000","1","1005291"
"52","000000000000000000000000000000000000000000000000A0000000000000000000000000000000000000000000000000000000000000","1","1005734"
"53","00000000000000000000000000000000000000000000000000BBBB0B0BB000000000000000000000000000000000000000000000000000","1","5002205d"
"54","00000000000000000000000000000000000000000000000000AA0A000AA000000000000000000000000000000000000000000000000000","1","5000238d"
"55","00000000000000000000000000000000000000000000000000AB0000000000000000000000000000000000000000000000000000000000","1","5001215d"
"56","000000000000000000000000000000000000000000000000000B0000000000000000000000000000000000000000000000000000000000","1","1005969"
"57","0000000000000000000000000000000000000000000000000000A000000000000000000000000000000000000000000000000000000000","1","6111234d"
"58","0000000000000000000000000000000000000000000000000000B000000000000000000000000000000000000000000000000000000000","1","1006038"
"59","0000000000000000000000000000000000000000000000000000B000000000000000000000000000000000000000000000000000000000","1","1006042"
"60","00000000000000000000000000000000000000000000000000000A00000000000000000000000000000000000000000000000000000000","1","1006092"
"61","00000000000000000000000000000000000000000000000000000A00000000000000000000000000000000000000000000000000000000","1","1006133"
"62","00000000000000000000000000000000000000000000000000000000000A00000000000000000000000000000000000000000000000000","1","0DBF"
"63","00000000000000000000000000000000000000000000000000000000000B00000000000000000000000000000000000000000000000000","1","76"
"64","00000000000000000000000000000000000000000000000000000000000A00000000000000000000000000000000000000000000000000","1","1006471"
"65","00000000000000000000000000000000000000000000000000000000000B00000000000000000000000000000000000000000000000000","1","0D81D9"
"66","00000000000000000000000000000000000000000000000000000000000BBAA00000000000000000000000000000000000000000000000","1","14414A"
"67","00000000000000000000000000000000000000000000000000000000000B00000000000000000000000000000000000000000000000000","1","195A75"
"68","00000000000000000000000000000000000000000000000000000000000B0B000000000000000000000000000000000000000000000000","1","167FDE"
"69","00000000000000000000000000000000000000000000000000000000000B00B00000000000000000000000000000000000000000000000","1","16D1FF"
"70","00000000000000000000000000000000000000000000000000000000000B0B0000000000BB0B0000000000000000000000000000000000","1","3C56B9"
"71","00000000000000000000000000000000000000000000000000000000000C00C000000000C0AC000000000000CC00000CC00C0000000000","1","194B94"
"72","00000000000000000000000000000000000000000000000000000000000A00000000000000000000000000000000000000000000000000","1","4D7281"
"73","00000000000000000000000000000000000000000000000000000000000BB000000000000BBB0B00000000000000000000000000000000","1","1958D8"
"74","00000000000000000000000000000000000000000000000000000000000C00000000000000000000000000000000000000000000000000","1","3581"
"75","00000000000000000000000000000000000000000000000000000000000A00000000000000000000000000000000000000000000000000","1","1440D3"
"76","00000000000000000000000000000000000000000000000000000000000ABB000000000000000000000000000000000000000000000000","1","4E2039"
"77","00000000000000000000000000000000000000000000000000000000000A00000000000000000000000000000000000000000000000000","1","4E1D9C"
"78","00000000000000000000000000000000000000000000000000000000000A0A0A0000000000000000000000000000000000000000000000","1","1E98D4"
"79","00000000000000000000000000000000000000000000000000000000000B00000000000000000000000000000000000000000000000000","1","195992"
"80","00000000000000000000000000000000000000000000000000000000000B0B00B0000000B0BBBB000000B0000000000000000000000000","1","4E12F0"
"81","000000000000000000000000000000000000000000000000000000000000A0000000000000000000000000000000000000000000000000","1","1006527"
"82","000000000000000000000000000000000000000000000000000000000000A0000000000000000000000000000000000000000000000000","1","4003"
"83","000000000000000000000000000000000000000000000000000000000000CCC00000000C0CCC0000000000000000000000000000000000","1","195381"
"84","000000000000000000000000000000000000000000000000000000000000B0000000000000000000000000000000000000000000000000","1","0DE322"
"85","000000000000000000000000000000000000000000000000000000000000B0000000000000000000000000000000000000000000000000","1","1006573"
"86","0000000000000000000000000000000000000000000000000000000000000B000000000000000000000000000000000000000000000000","1","1006576"
"87","0000000000000000000000000000000000000000000000000000000000000B000000000000000000000000000000000000000000000000","1","1006581"
"88","0000000000000000000000000000000000000000000000000000000000000A000000000000000000000000000000000000000000000000","1","4D06DB"
"89","0000000000000000000000000000000000000000000000000000000000000C000000000000000000000000000000000000000000000000","1","4E0EC2"
"90","0000000000000000000000000000000000000000000000000000000000000BBB0000000000000000000000000000000000000000000000","1","1E9693"
"91","0000000000000000000000000000000000000000000000000000000000000B000000000000000000000000000000000000000000000000","1","144CF4"
"92","0000000000000000000000000000000000000000000000000000000000000B000000000000000000000000000000000000000000000000","1","1EA657"
"93","0000000000000000000000000000000000000000000000000000000000000B000000000000000000000000000000000000000000000000","1","4DF03A"
"94","0000000000000000000000000000000000000000000000000000000000000BB00000000000000000000000000000000000000000000000","1","4DDF26"
"95","0000000000000000000000000000000000000000000000000000000000000B000000000000000000000000000000000000000000000000","1","0D8B4D"
"96","0000000000000000000000000000000000000000000000000000000000000AAA0000000000000000000000000000000000000000000000","1","0D5003"
"97","0000000000000000000000000000000000000000000000000000000000000B000000000000000000000000000000000000000000000000","1","4E121C"
"98","0000000000000000000000000000000000000000000000000000000000000B000000000000000000000000000000000000000000000000","1","158C07"
"99","0000000000000000000000000000000000000000000000000000000000000B000000000000000000000000000000000000000000000000","1","16BD56"
"100","0000000000000000000000000000000000000000000000000000000000000B000000000000000000000000000000000000000000000000","1","1006638"
"101","0000000000000000000000000000000000000000000000000000000000000B000000000000000000000000000000000000000000000000","1","1006640"
"102","00000000000000000000000000000000000000000000000000000000000000BB000000000B000000000000000000000000000000000000","1","1E9CE7"
"103","00000000000000000000000000000000000000000000000000000000000000B00000000000000000000000000000000000000000000000","1","1006650"
"104","00000000000000000000000000000000000000000000000000000000000000B00000000000000000000000000000000000000000000000","1","0DFFA3"
"105","00000000000000000000000000000000000000000000000000000000000000B00000000000000000000000000000000000000000000000","1","1451AC"
"106","00000000000000000000000000000000000000000000000000000000000000B00000000000000000000000000000000000000000000000","1","0E01BD"
"107","00000000000000000000000000000000000000000000000000000000000000B00000000000000000000000000000000000000000000000","1","4E145A"
"108","00000000000000000000000000000000000000000000000000000000000000B0B000000000000000000000000000000000000000000000","1","16C0BA"
"109","00000000000000000000000000000000000000000000000000000000000000BB000000000B000000000000000000000000000000000000","1","1457A8"
"110","00000000000000000000000000000000000000000000000000000000000000B00000000000000000000000000000000000000000000000","1","4E1E65"
"111","000000000000000000000000000000000000000000000000000000000000000B0000000000000000000000000000000000000000000000","1","146A7C"
"112","000000000000000000000000000000000000000000000000000000000000000B0000000000000000000000000000000000000000000000","1","12F008"
"113","000000000000000000000000000000000000000000000000000000000000000B0000000000000000000000000000000000000000000000","1","1EAA81"
"114","000000000000000000000000000000000000000000000000000000000000000B0000000000000000000000000000000000000000000000","1","14479E"
"115","000000000000000000000000000000000000000000000000000000000000000BBB00000000000000000000000000000000000000000000","1","145C10"
"116","0000000000000000000000000000000000000000000000000000000000000000B000000000000000000000000000000000000000000000","1","0D4289"
"117","0000000000000000000000000000000000000000000000000000000000000000BB00000000000000000000000000000000000000000000","1","269516"
"118","00000000000000000000000000000000000000000000000000000000000000000B00000000000000000000000000000000000000000000","1","158C08"
"119","00000000000000000000000000000000000000000000000000000000000000000000000B00000000000000000000000000000000000000","1","1B0B1F"
"120","00000000000000000000000000000000000000000000000000000000000000000000000A00000000000000000000000000000000000000","1","13EABC"
"121","00000000000000000000000000000000000000000000000000000000000000000000000A00000000000000000000000000000000000000","1","0F677A"
"122","00000000000000000000000000000000000000000000000000000000000000000000000B0B000000000000000000000000000000000000","1","0F698B"
"123","00000000000000000000000000000000000000000000000000000000000000000000000B00000000000000000000000000000000000000","1","3C5DEA"
"124","000000000000000000000000000000000000000000000000000000000000000000000000B0000000000000000000000000000000000000","1","1007178"
"125","0000000000000000000000000000000000000000000000000000000000000000000000000C000000000000000000000000000000000000","1","15E907"
"126","0000000000000000000000000000000000000000000000000000000000000000000000000C000000000000000000000000000000000000","1","4394"
"127","0000000000000000000000000000000000000000000000000000000000000000000000000C000000000000000000000000000000000000","1","194D44"
"128","0000000000000000000000000000000000000000000000000000000000000000000000000BB00000000BB0000000000000000000000000","1","195100"
"129","0000000000000000000000000000000000000000000000000000000000000000000000000BBB0000000BB0000000000000000000000000","1","269581"
"130","00000000000000000000000000000000000000000000000000000000000000000000000000BBB000000000000000000000000000000000","1","4E15D4"
"131","00000000000000000000000000000000000000000000000000000000000000000000000000B00000000000000000000000000000000000","1","1007259"
"132","00000000000000000000000000000000000000000000000000000000000000000000000000B00000000000000000000000000000000000","1","1007261"
"133","000000000000000000000000000000000000000000000000000000000000000000000000000A0000000000000000000000000000000000","1","1007293"
"134","000000000000000000000000000000000000000000000000000000000000000000000000000AAA000000000A0A00000000000000000000","1","4E187E"
"135","000000000000000000000000000000000000000000000000000000000000000000000000000BB000000000000000000000000000000000","1","1EA5B5"
"136","000000000000000000000000000000000000000000000000000000000000000000000000000B0000000000BB0000000000000000000000","1","1EA838"
"137","000000000000000000000000000000000000000000000000000000000000000000000000000B0000000000000000000000000000000000","1","1453A0"
"138","000000000000000000000000000000000000000000000000000000000000000000000000000B0BB000B000000000000000000000000000","1","4F7862"
"139","000000000000000000000000000000000000000000000000000000000000000000000000000C0000000000000000000000000000000000","1","1E9D62"
"140","000000000000000000000000000000000000000000000000000000000000000000000000000AA000000000000000000000000000000000","1","0D3E9F"
"141","0000000000000000000000000000000000000000000000000000000000000000000000000000BB000000BBBBBB00000000000000000000","1","4E1A1B"
"142","0000000000000000000000000000000000000000000000000000000000000000000000000000AA00000000000000000000000000000000","1","0D4DBA"
"143","0000000000000000000000000000000000000000000000000000000000000000000000000000BB00000000000000000000000000000000","1","1EA166"
"144","0000000000000000000000000000000000000000000000000000000000000000000000000000B000000000000000000000000000000000","1","4D00E3"
"145","0000000000000000000000000000000000000000000000000000000000000000000000000000B000000000000000000000000000000000","1","0D436E"
"146","0000000000000000000000000000000000000000000000000000000000000000000000000000BB00000000000000000000000000000000","1","0D55CC"
"147","0000000000000000000000000000000000000000000000000000000000000000000000000000B000000000000000000000000000000000","1","1007360"
"148","0000000000000000000000000000000000000000000000000000000000000000000000000000C000000000000000000000000000000000","1","0D5A8E"
"149","00000000000000000000000000000000000000000000000000000000000000000000000000000B00000000B00000000000000000000000","1","0D143C"
"150","00000000000000000000000000000000000000000000000000000000000000000000000000000CC0000C00000000000000000000000000","1","4E1D94"
"151","000000000000000000000000000000000000000000000000000000000000000000000000000000000000B0000000000000000000000000","1","0D4932"
"152","000000000000000000000000000000000000000000000000000000000000000000000000000000000000AA000000000000000000000000","1","1445D7"
"153","0000000000000000000000000000000000000000000000000000000000000000000000000000000000000A0A0000000000000000000000","1","15F3A6"
"154","0000000000000000000000000000000000000000000000000000000000000000000000000000000000000B000000000000000000000000","1","1952C3"
"155","0000000000000000000000000000000000000000000000000000000000000000000000000000000000000B000000000000000000000000","1","144F21"
"156","0000000000000000000000000000000000000000000000000000000000000000000000000000000000000AB00000000000000000000000","1","1136ED"
"157","0000000000000000000000000000000000000000000000000000000000000000000000000000000000000A000000000000000000000000","1","1799A6"
"158","0000000000000000000000000000000000000000000000000000000000000000000000000000000000000A000000000000000000000000","1","179D19"
"159","0000000000000000000000000000000000000000000000000000000000000000000000000000000000000BBB0000000000000000000000","1","4E1BEA"
"160","00000000000000000000000000000000000000000000000000000000000000000000000000000000000000A00000000000000000000000","1","1F4E3D"
"161","00000000000000000000000000000000000000000000000000000000000000000000000000000000000000AAA00000AA00000000000000","1","1F526B"
"162","00000000000000000000000000000000000000000000000000000000000000000000000000000000000000B00000000000000000000000","1","0DOAF4"
"163","00000000000000000000000000000000000000000000000000000000000000000000000000000000000000BB0000000000000000000000","1","194A70"
"164","00000000000000000000000000000000000000000000000000000000000000000000000000000000000000AA000000000BB0000000B000","1","1F420E"
"165","00000000000000000000000000000000000000000000000000000000000000000000000000000000000000A00000000000000000000000","1","15F79B"
"166","00000000000000000000000000000000000000000000000000000000000000000000000000000000000000BB0000000000000000000000","1","4D0422"
"167","00000000000000000000000000000000000000000000000000000000000000000000000000000000000000B0BBB0000BB0B00000000000","1","1EA1A7"
"168","00000000000000000000000000000000000000000000000000000000000000000000000000000000000000B0BB00000000000000000000","1","1EE0F6"
"169","00000000000000000000000000000000000000000000000000000000000000000000000000000000000000B00000000000000000000000","1","1EF54D"
"170","00000000000000000000000000000000000000000000000000000000000000000000000000000000000000B0BB000000B0000000000000","1","14669F"
"171","00000000000000000000000000000000000000000000000000000000000000000000000000000000000000C00000000000000000000000","1","0DF2FA"
"172","000000000000000000000000000000000000000000000000000000000000000000000000000000000000000B0000000000000000000000","1","144E3D"
"173","000000000000000000000000000000000000000000000000000000000000000000000000000000000000000AAAA0000000000000000000","1","4E1BBC"
"174","000000000000000000000000000000000000000000000000000000000000000000000000000000000000000A0000000000000000000000","1","0D498A"
"175","000000000000000000000000000000000000000000000000000000000000000000000000000000000000000A0000000000000000000000","1","0D40E4"
"176","000000000000000000000000000000000000000000000000000000000000000000000000000000000000000B0000000000000000000000","1","0D811E"
"177","000000000000000000000000000000000000000000000000000000000000000000000000000000000000000A0000000000000000000000","1","4DEA40"
"178","000000000000000000000000000000000000000000000000000000000000000000000000000000000000000AA000000000000000000000","1","16C735"
"179","000000000000000000000000000000000000000000000000000000000000000000000000000000000000000C0000000000000000000000","1","0D44C1"
"180","000000000000000000000000000000000000000000000000000000000000000000000000000000000000000A0000000000000000000000","1","0D46EE"
"181","000000000000000000000000000000000000000000000000000000000000000000000000000000000000000A0000000000000000000000","1","0D45A8"
"182","000000000000000000000000000000000000000000000000000000000000000000000000000000000000000A0000000000000000000000","1","144B22"
"183","000000000000000000000000000000000000000000000000000000000000000000000000000000000000000A0000000000000000000000","1","0D3B85"
"184","000000000000000000000000000000000000000000000000000000000000000000000000000000000000000B00000000BBA0B000000BB0","1","145259"
"185","000000000000000000000000000000000000000000000000000000000000000000000000000000000000000B0000000000000000000000","1","1F42A8"
"186","000000000000000000000000000000000000000000000000000000000000000000000000000000000000000A0000000000000000000000","1","194964"
"187","000000000000000000000000000000000000000000000000000000000000000000000000000000000000000A0000000000000000000000","1","17A3C4"
"188","000000000000000000000000000000000000000000000000000000000000000000000000000000000000000A0000000000000000000000","1","4D9E4A"
"189","000000000000000000000000000000000000000000000000000000000000000000000000000000000000000BB000000BB0000000000000","1","15F025"
"190","000000000000000000000000000000000000000000000000000000000000000000000000000000000000000A0000000000000000000000","1","158C85"
"191","000000000000000000000000000000000000000000000000000000000000000000000000000000000000000A0000000000000000000000","1","1F52C4"
"192","000000000000000000000000000000000000000000000000000000000000000000000000000000000000000A0000000000000000000000","1","0D5450"
"193","000000000000000000000000000000000000000000000000000000000000000000000000000000000000000A0000000000000000000000","1","4F7E18"
"194","000000000000000000000000000000000000000000000000000000000000000000000000000000000000000B0000000000000000000000","1","15E4CE"
"195","000000000000000000000000000000000000000000000000000000000000000000000000000000000000000A0000000000000000000000","1","1953A7"
"196","000000000000000000000000000000000000000000000000000000000000000000000000000000000000000B0000000000000000000000","1","0D5742"
"197","000000000000000000000000000000000000000000000000000000000000000000000000000000000000000B0000000000000000000000","1","1EFD16"
"198","000000000000000000000000000000000000000000000000000000000000000000000000000000000000000B0000000000000000000000","1","4CFE4C"
"199","000000000000000000000000000000000000000000000000000000000000000000000000000000000000000B0000000000000000000000","1","195F68"
"200","000000000000000000000000000000000000000000000000000000000000000000000000000000000000000B0000000000000000000000","1","4E130E"
"201","000000000000000000000000000000000000000000000000000000000000000000000000000000000000000AAA00000000000000000000","1","4DE596"
"202","000000000000000000000000000000000000000000000000000000000000000000000000000000000000000B0000000000000000000000","1","269145"
"203","0000000000000000000000000000000000000000000000000000000000000000000000000000000000000000A000000000000000000000","1","1008007"
"204","0000000000000000000000000000000000000000000000000000000000000000000000000000000000000000A000000000000000000000","1","4D29D4"
"205","0000000000000000000000000000000000000000000000000000000000000000000000000000000000000000AA00000000000000000000","1","158EB0"
"206","0000000000000000000000000000000000000000000000000000000000000000000000000000000000000000A0A00000A0AAA000000000","1","195207"
"207","0000000000000000000000000000000000000000000000000000000000000000000000000000000000000000A000000000000000000000","1","15E417"
"208","0000000000000000000000000000000000000000000000000000000000000000000000000000000000000000A000000000000000000000","1","19582A"
"209","0000000000000000000000000000000000000000000000000000000000000000000000000000000000000000BBBB000000000000000000","1","17998E"
"210","0000000000000000000000000000000000000000000000000000000000000000000000000000000000000000A000000000000000000000","1","146194"
"211","0000000000000000000000000000000000000000000000000000000000000000000000000000000000000000A0A0000000000000000000","1","4DED25"
"212","0000000000000000000000000000000000000000000000000000000000000000000000000000000000000000B000000000000000000000","1","1008035"
"213","0000000000000000000000000000000000000000000000000000000000000000000000000000000000000000A000000000000000000000","1","16C587"
"214","0000000000000000000000000000000000000000000000000000000000000000000000000000000000000000ABBBBBB000000000000000","1","0DE8B8"
"215","0000000000000000000000000000000000000000000000000000000000000000000000000000000000000000B000000000000000000000","1","1008044"
"216","0000000000000000000000000000000000000000000000000000000000000000000000000000000000000000A000000000000000000000","1","0D54A3"
"217","0000000000000000000000000000000000000000000000000000000000000000000000000000000000000000AA00000000000000000000","1","4DAB9C"
"218","0000000000000000000000000000000000000000000000000000000000000000000000000000000000000000A000000000000000000000","1","13E4DF"
"219","0000000000000000000000000000000000000000000000000000000000000000000000000000000000000000BB00000000000000000000","1","1EA5DD"
"220","0000000000000000000000000000000000000000000000000000000000000000000000000000000000000000B000000000000000000000","1","1008054"
"221","0000000000000000000000000000000000000000000000000000000000000000000000000000000000000000B000000000000000000000","1","0D303B"
"222","0000000000000000000000000000000000000000000000000000000000000000000000000000000000000000AA000000AA000000000000","1","0D3BC4"
"223","0000000000000000000000000000000000000000000000000000000000000000000000000000000000000000A000000000000000000000","1","1008061"
"224","0000000000000000000000000000000000000000000000000000000000000000000000000000000000000000B000000000000000000000","1","4F7147"
"225","0000000000000000000000000000000000000000000000000000000000000000000000000000000000000000A000000000000000000000","1","10AEE0"
"226","0000000000000000000000000000000000000000000000000000000000000000000000000000000000000000B000000000000000000000","1","4E0F19"
"227","0000000000000000000000000000000000000000000000000000000000000000000000000000000000000000A0000000A0000000000000","1","144ADF"
"228","0000000000000000000000000000000000000000000000000000000000000000000000000000000000000000AAAA00A0A0000000000000","1","0D5A50"
"229","0000000000000000000000000000000000000000000000000000000000000000000000000000000000000000A000000000000000000000","1","1EF987"
"230","0000000000000000000000000000000000000000000000000000000000000000000000000000000000000000A000000000000000000000","1","1008080"
"231","0000000000000000000000000000000000000000000000000000000000000000000000000000000000000000BB00000000000000000000","1","1F5084"
"232","0000000000000000000000000000000000000000000000000000000000000000000000000000000000000000C000000000000000000000","1","1008082"
"233","0000000000000000000000000000000000000000000000000000000000000000000000000000000000000000B000000000000000000000","1","179C3C"
"234","0000000000000000000000000000000000000000000000000000000000000000000000000000000000000000A000000000000000000000","1","1F084B"
"235","0000000000000000000000000000000000000000000000000000000000000000000000000000000000000000B000000000000000000000","1","0DEDCB"
"236","0000000000000000000000000000000000000000000000000000000000000000000000000000000000000000AA000000AA000000000000","1","195D67"
"237","0000000000000000000000000000000000000000000000000000000000000000000000000000000000000000BBBB0000B0000000000000","1","4D08E2"
"238","0000000000000000000000000000000000000000000000000000000000000000000000000000000000000000BBB0000000000000000000","1","0D4885"
"239","0000000000000000000000000000000000000000000000000000000000000000000000000000000000000000A0A0000000000000000000","1","10B1DA"
"240","0000000000000000000000000000000000000000000000000000000000000000000000000000000000000000B000000000000000000000","1","1008104"
"241","0000000000000000000000000000000000000000000000000000000000000000000000000000000000000000B000000000000000000000","1","0D858E"
"242","0000000000000000000000000000000000000000000000000000000000000000000000000000000000000000AAA0A00000000000000000","1","15C222"
"243","0000000000000000000000000000000000000000000000000000000000000000000000000000000000000000B000000000000000000000","1","16COFC"
"244","0000000000000000000000000000000000000000000000000000000000000000000000000000000000000000B000000000000000000000","1","4E21A4"
"245","0000000000000000000000000000000000000000000000000000000000000000000000000000000000000000A000000000000000000000","1","1F50FB"
"246","0000000000000000000000000000000000000000000000000000000000000000000000000000000000000000B000000000000000000000","1","4E1710"
"247","0000000000000000000000000000000000000000000000000000000000000000000000000000000000000000C000000000000000000000","1","1008114"
"248","0000000000000000000000000000000000000000000000000000000000000000000000000000000000000000BBB0000000000000000000","1","4D0636"
"249","0000000000000000000000000000000000000000000000000000000000000000000000000000000000000000BBBB00BB00000000000000","1","15E9AC"
"250","0000000000000000000000000000000000000000000000000000000000000000000000000000000000000000BB00000000000000000000","1","0DF65F"
"251","00000000000000000000000000000000000000000000000000000000000000000000000000000000000000000A00000000000000000000","1","4D7218"
"252","00000000000000000000000000000000000000000000000000000000000000000000000000000000000000000AA0000000000000000000","1","4F0538"
"253","00000000000000000000000000000000000000000000000000000000000000000000000000000000000000000BB0BBBBB0BB0000000000","1","4E142E"
"254","00000000000000000000000000000000000000000000000000000000000000000000000000000000000000000BBB000000000000000000","1","179F41"
"255","00000000000000000000000000000000000000000000000000000000000000000000000000000000000000000A00000000000000000000","1","1008138"
"256","00000000000000000000000000000000000000000000000000000000000000000000000000000000000000000BBB0000BBBBB000000000","1","1EAB9E"
"257","00000000000000000000000000000000000000000000000000000000000000000000000000000000000000000AA000AAAAA00000000000","1","1F0CC1"
"258","00000000000000000000000000000000000000000000000000000000000000000000000000000000000000000A00000000000000000000","1","15809F"
"259","00000000000000000000000000000000000000000000000000000000000000000000000000000000000000000A00000000000000000000","1","1F3EDC"
"260","00000000000000000000000000000000000000000000000000000000000000000000000000000000000000000BB0000B00000000000000","1","158BA9"
"261","00000000000000000000000000000000000000000000000000000000000000000000000000000000000000000B00000000000000000000","1","0D8174"
"262","00000000000000000000000000000000000000000000000000000000000000000000000000000000000000000AA0000000000000000000","1","4F0A97"
"263","00000000000000000000000000000000000000000000000000000000000000000000000000000000000000000BBB000BB0BBB000000BBB","1","1437CD"
"264","00000000000000000000000000000000000000000000000000000000000000000000000000000000000000000B0000BBBB000000000000","1","0D50C6"
"265","00000000000000000000000000000000000000000000000000000000000000000000000000000000000000000B00000000000000000000","1","3CDCC3"
"266","00000000000000000000000000000000000000000000000000000000000000000000000000000000000000000A00000000000000000000","1","4EFEC1"
"267","00000000000000000000000000000000000000000000000000000000000000000000000000000000000000000A00000000000000000000","1","1A1A36"
"268","00000000000000000000000000000000000000000000000000000000000000000000000000000000000000000A00000000000000000000","1","4F7736"
"269","00000000000000000000000000000000000000000000000000000000000000000000000000000000000000000B00000000000000000000","1","159386"
"270","00000000000000000000000000000000000000000000000000000000000000000000000000000000000000000A00000000000000000000","1","4E12DE"
"271","00000000000000000000000000000000000000000000000000000000000000000000000000000000000000000A00000000000000000000","1","195774"
"272","00000000000000000000000000000000000000000000000000000000000000000000000000000000000000000B00000000000000000000","1","0E0485"
"273","00000000000000000000000000000000000000000000000000000000000000000000000000000000000000000A00000000000000000000","1","4D9FD1"
"274","00000000000000000000000000000000000000000000000000000000000000000000000000000000000000000AA0000000000000000000","1","4E1DF9"
"275","00000000000000000000000000000000000000000000000000000000000000000000000000000000000000000B00000000000000000000","1","0DECA2"
"276","00000000000000000000000000000000000000000000000000000000000000000000000000000000000000000BB0000000000000000000","1","16C0FC"
"277","00000000000000000000000000000000000000000000000000000000000000000000000000000000000000000B00000000000000000000","1","15F0AF"
"278","00000000000000000000000000000000000000000000000000000000000000000000000000000000000000000AA00000A0000000000000","1","15E961"
"279","00000000000000000000000000000000000000000000000000000000000000000000000000000000000000000BBB000000000000000000","1","16CD80"
"280","00000000000000000000000000000000000000000000000000000000000000000000000000000000000000000A00000000000000000000","1","1F5504"
"281","00000000000000000000000000000000000000000000000000000000000000000000000000000000000000000C00000000000000000000","1","106"
"282","00000000000000000000000000000000000000000000000000000000000000000000000000000000000000000B00000000000000000000","1","0D822C"
"283","00000000000000000000000000000000000000000000000000000000000000000000000000000000000000000AA0000000000000000000","1","4D71D9"
"284","00000000000000000000000000000000000000000000000000000000000000000000000000000000000000000C00000000000000000000","1","105"
"285","00000000000000000000000000000000000000000000000000000000000000000000000000000000000000000A00000000000000000000","1","10E1DA"
"286","00000000000000000000000000000000000000000000000000000000000000000000000000000000000000000BB0000000000000000000","1","4D71C1"
"287","00000000000000000000000000000000000000000000000000000000000000000000000000000000000000000BB0B00000000000000000","1","1EFBF233m"
"288","00000000000000000000000000000000000000000000000000000000000000000000000000000000000000000A00000000000000000000","1","1EA936"
"289","00000000000000000000000000000000000000000000000000000000000000000000000000000000000000000B00000BB0B0BBB0000B0B","1","0DE73C"
"290","00000000000000000000000000000000000000000000000000000000000000000000000000000000000000000B00000000000000000000","1","16FDDE"
"291","00000000000000000000000000000000000000000000000000000000000000000000000000000000000000000B00000000BBB000000BBB","1","268DFB"
"292","00000000000000000000000000000000000000000000000000000000000000000000000000000000000000000B00000000000000000000","1","15F2B5"
"293","00000000000000000000000000000000000000000000000000000000000000000000000000000000000000000B00000000000000000000","1","1EA130"
"294","000000000000000000000000000000000000000000000000000000000000000000000000000000000000000000A0000000000000000000","1","1F2EDC"
"295","000000000000000000000000000000000000000000000000000000000000000000000000000000000000000000AA000000000000000000","1","4E1DAF"
"296","000000000000000000000000000000000000000000000000000000000000000000000000000000000000000000B0000000000000000000","1","1F4FB5"
"297","000000000000000000000000000000000000000000000000000000000000000000000000000000000000000000A0000000000000000000","1","1EA277"
"298","000000000000000000000000000000000000000000000000000000000000000000000000000000000000000000A0000000000000000000","1","145148"
"299","000000000000000000000000000000000000000000000000000000000000000000000000000000000000000000A0000AB0000000000000","1","195125"
"300","000000000000000000000000000000000000000000000000000000000000000000000000000000000000000000A0000000000000000000","1","4E1EFE"
"301","000000000000000000000000000000000000000000000000000000000000000000000000000000000000000000A0000000000000000000","1","1EA34F"
"302","000000000000000000000000000000000000000000000000000000000000000000000000000000000000000000A0000000000000000000","1","4E1567"
"303","000000000000000000000000000000000000000000000000000000000000000000000000000000000000000000B0000000000000000000","1","17A97D"
"304","000000000000000000000000000000000000000000000000000000000000000000000000000000000000000000C0000000000000000000","1","150264s"
"305","000000000000000000000000000000000000000000000000000000000000000000000000000000000000000000C0000000000000000000","1","135143s"
"306","000000000000000000000000000000000000000000000000000000000000000000000000000000000000000000A0000000000000000000","1","1EA178"
"307","000000000000000000000000000000000000000000000000000000000000000000000000000000000000000000A0000000000000000000","1","15C70A"
"308","000000000000000000000000000000000000000000000000000000000000000000000000000000000000000000B0000000000000000000","1","4E2196"
"309","000000000000000000000000000000000000000000000000000000000000000000000000000000000000000000BB0BB00B000000000000","1","194A66"
"310","000000000000000000000000000000000000000000000000000000000000000000000000000000000000000000C0000000000000000000","1","136268s"
"311","000000000000000000000000000000000000000000000000000000000000000000000000000000000000000000B000B000000000000000","1","1F48DE"
"312","000000000000000000000000000000000000000000000000000000000000000000000000000000000000000000B0000000000000000000","1","0DE43C"
"313","000000000000000000000000000000000000000000000000000000000000000000000000000000000000000000BB0BBB00000000000000","1","4E1BCD"
"314","000000000000000000000000000000000000000000000000000000000000000000000000000000000000000000B0000000000000000000","1","194AF6"
"315","0000000000000000000000000000000000000000000000000000000000000000000000000000000000000000000B000000000000000000","1","AE124E"
"316","0000000000000000000000000000000000000000000000000000000000000000000000000000000000000000000B000000000000000000","1","1008480"
"317","0000000000000000000000000000000000000000000000000000000000000000000000000000000000000000000B000000000000000000","1","17A970"
"318","0000000000000000000000000000000000000000000000000000000000000000000000000000000000000000000C000000000000000000","1","147304s"
"319","00000000000000000000000000000000000000000000000000000000000000000000000000000000000000000000B00000000000000000","1","1737CD"
"320","00000000000000000000000000000000000000000000000000000000000000000000000000000000000000000000B00000000000000000","1","1F48DF"
"321","000000000000000000000000000000000000000000000000000000000000000000000000000000000000000000000C0000000000000000","1","1008758"
"322","0000000000000000000000000000000000000000000000000000000000000000000000000000000000000000000000B000000000000000","1","2DE73C"
"323","00000000000000000000000000000000000000000000000000000000000000000000000000000000000000000000000C00000000000000","1","367"
"324","00000000000000000000000000000000000000000000000000000000000000000000000000000000000000000000000B00000000000000","1","361374s"
"325","00000000000000000000000000000000000000000000000000000000000000000000000000000000000000000000000A00000000000000","1","363"
"326","00000000000000000000000000000000000000000000000000000000000000000000000000000000000000000000000C00000000000000","1","366"
"327","00000000000000000000000000000000000000000000000000000000000000000000000000000000000000000000000C00000000000000","1","1008982"
"328","00000000000000000000000000000000000000000000000000000000000000000000000000000000000000000000000C00000000000000","1","1008994"
"329","00000000000000000000000000000000000000000000000000000000000000000000000000000000000000000000000B00000000000000","1","362"
"330","00000000000000000000000000000000000000000000000000000000000000000000000000000000000000000000000B00000000000000","1","35384s"
"331","00000000000000000000000000000000000000000000000000000000000000000000000000000000000000000000000A00000000000000","1","68389s"
"332","00000000000000000000000000000000000000000000000000000000000000000000000000000000000000000000000A00000000000000","1","369"
"333","00000000000000000000000000000000000000000000000000000000000000000000000000000000000000000000000A00AA0000000000","1","15978C"
"334","00000000000000000000000000000000000000000000000000000000000000000000000000000000000000000000000B00000000000000","1","225"
"335","00000000000000000000000000000000000000000000000000000000000000000000000000000000000000000000000A00000000000000","1","219"
"336","000000000000000000000000000000000000000000000000000000000000000000000000000000000000000000000000B0000000000000","1","F56A5F"
"337","000000000000000000000000000000000000000000000000000000000000000000000000000000000000000000000000B0000000000000","1","F74940"
"338","000000000000000000000000000000000000000000000000000000000000000000000000000000000000000000000000B0000000000000","1","705AAA"
"339","000000000000000000000000000000000000000000000000000000000000000000000000000000000000000000000000B0000000000000","1","F69495"
"340","000000000000000000000000000000000000000000000000000000000000000000000000000000000000000000000000B0000000000000","1","F88494"
"341","000000000000000000000000000000000000000000000000000000000000000000000000000000000000000000000000B0000000000000","1","F695DC"
"342","000000000000000000000000000000000000000000000000000000000000000000000000000000000000000000000000B0000000000000","1","6354C9"
"343","000000000000000000000000000000000000000000000000000000000000000000000000000000000000000000000000A0000000000000","1","707514"
"344","000000000000000000000000000000000000000000000000000000000000000000000000000000000000000000000000A0000000000000","1","F56463"
"345","000000000000000000000000000000000000000000000000000000000000000000000000000000000000000000000000B0000000000000","1","707932"
"346","000000000000000000000000000000000000000000000000000000000000000000000000000000000000000000000000A0000000000000","1","10B1B8"
"347","000000000000000000000000000000000000000000000000000000000000000000000000000000000000000000000000B0000000000000","1","26ADFB"
"348","000000000000000000000000000000000000000000000000000000000000000000000000000000000000000000000000B0000000000000","1","1F4ADE"
"349","000000000000000000000000000000000000000000000000000000000000000000000000000000000000000000000000A0000000000000","1","F81D67"
"350","000000000000000000000000000000000000000000000000000000000000000000000000000000000000000000000000A0000000000000","1","290000"
"351","000000000000000000000000000000000000000000000000000000000000000000000000000000000000000000000000BBB00000000000","1","F8168E"
"352","000000000000000000000000000000000000000000000000000000000000000000000000000000000000000000000000A0000000000000","1","F50835"
"353","0000000000000000000000000000000000000000000000000000000000000000000000000000000000000000000000000B000000000000","1","2BB76F"
"354","0000000000000000000000000000000000000000000000000000000000000000000000000000000000000000000000000A000000000000","1","2B26C3"
"355","0000000000000000000000000000000000000000000000000000000000000000000000000000000000000000000000000B000000000000","1","19CE33"
"356","0000000000000000000000000000000000000000000000000000000000000000000000000000000000000000000000000B000000000000","1","2A88AC"
"357","0000000000000000000000000000000000000000000000000000000000000000000000000000000000000000000000000C000000000000","1","1009319"
"358","0000000000000000000000000000000000000000000000000000000000000000000000000000000000000000000000000AAAAA000000A0","1","622450"
"359","0000000000000000000000000000000000000000000000000000000000000000000000000000000000000000000000000B000000000000","1","17685F"
"360","0000000000000000000000000000000000000000000000000000000000000000000000000000000000000000000000000BBBB000000000","1","2A8B7C"
"361","0000000000000000000000000000000000000000000000000000000000000000000000000000000000000000000000000C000000000000","1","1009349"
"362","0000000000000000000000000000000000000000000000000000000000000000000000000000000000000000000000000CC00000000000","1","75"
"363","0000000000000000000000000000000000000000000000000000000000000000000000000000000000000000000000000BB00000000000","1","2BB466"
"364","0000000000000000000000000000000000000000000000000000000000000000000000000000000000000000000000000B000000000000","1","2A6AEA"
"365","00000000000000000000000000000000000000000000000000000000000000000000000000000000000000000000000000A00000000000","1","2BB366"
"366","00000000000000000000000000000000000000000000000000000000000000000000000000000000000000000000000000A0A000000000","1","F82E16"
"367","00000000000000000000000000000000000000000000000000000000000000000000000000000000000000000000000000BAA000000000","1","0DCE4E"
"368","00000000000000000000000000000000000000000000000000000000000000000000000000000000000000000000000000C00000000000","1","1009438"
"369","00000000000000000000000000000000000000000000000000000000000000000000000000000000000000000000000000B00000000000","1","4E750B"
"370","00000000000000000000000000000000000000000000000000000000000000000000000000000000000000000000000000C00000000000","1","1009445"
"371","00000000000000000000000000000000000000000000000000000000000000000000000000000000000000000000000000A00000000000","1","2A87BF"
"372","00000000000000000000000000000000000000000000000000000000000000000000000000000000000000000000000000BB0000000000","1","2A8B73"
"373","00000000000000000000000000000000000000000000000000000000000000000000000000000000000000000000000000C00000000000","1","1009462"
"374","00000000000000000000000000000000000000000000000000000000000000000000000000000000000000000000000000C00000000000","1","1009467"
"375","00000000000000000000000000000000000000000000000000000000000000000000000000000000000000000000000000B00000000000","1","1423AF"
"376","00000000000000000000000000000000000000000000000000000000000000000000000000000000000000000000000000B00000000000","1","2B8F01"
"377","00000000000000000000000000000000000000000000000000000000000000000000000000000000000000000000000000B00000000000","1","2BB73F"
"378","00000000000000000000000000000000000000000000000000000000000000000000000000000000000000000000000000B00000000000","1","296E2A"
"379","00000000000000000000000000000000000000000000000000000000000000000000000000000000000000000000000000C00000000000","1","1009483"
"380","00000000000000000000000000000000000000000000000000000000000000000000000000000000000000000000000000B00000000000","1","2A88F6"
"381","00000000000000000000000000000000000000000000000000000000000000000000000000000000000000000000000000A0A00000000A","1","14CB8C"
"382","00000000000000000000000000000000000000000000000000000000000000000000000000000000000000000000000000BBB000000000","1","620144"
"383","00000000000000000000000000000000000000000000000000000000000000000000000000000000000000000000000000A00000000000","1","311E32"
"384","00000000000000000000000000000000000000000000000000000000000000000000000000000000000000000000000000A00000000000","1","7032CF"
"385","00000000000000000000000000000000000000000000000000000000000000000000000000000000000000000000000000A0A0000000A0","1","0D7275"
"386","00000000000000000000000000000000000000000000000000000000000000000000000000000000000000000000000000B00000000000","1","135F91"
"387","00000000000000000000000000000000000000000000000000000000000000000000000000000000000000000000000000B0BBB000BB00","1","14CADC"
"388","000000000000000000000000000000000000000000000000000000000000000000000000000000000000000000000000000A0000000000","1","70084C"
"389","000000000000000000000000000000000000000000000000000000000000000000000000000000000000000000000000000BB000000000","1","700424"
"390","000000000000000000000000000000000000000000000000000000000000000000000000000000000000000000000000000B0000000000","1","6FFCD6"
"391","000000000000000000000000000000000000000000000000000000000000000000000000000000000000000000000000000BB00000000B","1","19C53C"
"392","000000000000000000000000000000000000000000000000000000000000000000000000000000000000000000000000000C0000000000","1","1009576"
"393","000000000000000000000000000000000000000000000000000000000000000000000000000000000000000000000000000C0000000000","1","1009580"
"394","000000000000000000000000000000000000000000000000000000000000000000000000000000000000000000000000000AA000000A00","1","6243D7"
"395","000000000000000000000000000000000000000000000000000000000000000000000000000000000000000000000000000A0000000000","1","295D39"
"396","000000000000000000000000000000000000000000000000000000000000000000000000000000000000000000000000000BB000000BBB","1","624990"
"397","000000000000000000000000000000000000000000000000000000000000000000000000000000000000000000000000000B0000000000","1","13C8A5"
"398","000000000000000000000000000000000000000000000000000000000000000000000000000000000000000000000000000C0000000000","1","1009592"
"399","000000000000000000000000000000000000000000000000000000000000000000000000000000000000000000000000000C0000000000","1","1009595"
"400","000000000000000000000000000000000000000000000000000000000000000000000000000000000000000000000000000A0000000000","1","709DEF"
"401","000000000000000000000000000000000000000000000000000000000000000000000000000000000000000000000000000C0000000000","1","1009604"
"402","000000000000000000000000000000000000000000000000000000000000000000000000000000000000000000000000000A0000000A00","1","14C26D"
"403","000000000000000000000000000000000000000000000000000000000000000000000000000000000000000000000000000A0000000000","1","1FA157"
"404","000000000000000000000000000000000000000000000000000000000000000000000000000000000000000000000000000BBB00000B00","1","2A86E6"
"405","000000000000000000000000000000000000000000000000000000000000000000000000000000000000000000000000000A0000000B00","1","1EADFB"
"406","000000000000000000000000000000000000000000000000000000000000000000000000000000000000000000000000000B0000000000","1","1FA592"
"407","000000000000000000000000000000000000000000000000000000000000000000000000000000000000000000000000000B0000000000","1","703EBD"
"408","000000000000000000000000000000000000000000000000000000000000000000000000000000000000000000000000000B0000000000","1","1FAF52"
"409","0000000000000000000000000000000000000000000000000000000000000000000000000000000000000000000000000000B000000000","1","14C4A9"
"410","0000000000000000000000000000000000000000000000000000000000000000000000000000000000000000000000000000BB000000BB","1","14BF75"
"411","0000000000000000000000000000000000000000000000000000000000000000000000000000000000000000000000000000A000000A00","1","14B644"
"412","0000000000000000000000000000000000000000000000000000000000000000000000000000000000000000000000000000A000000000","1","1EAF47"
"413","0000000000000000000000000000000000000000000000000000000000000000000000000000000000000000000000000000BB00000BBB","1","703C31"
"414","0000000000000000000000000000000000000000000000000000000000000000000000000000000000000000000000000000B000000000","1","1009693"
"415","0000000000000000000000000000000000000000000000000000000000000000000000000000000000000000000000000000C000000000","1","194594"
"416","0000000000000000000000000000000000000000000000000000000000000000000000000000000000000000000000000000C000000000","1","1009696"
"417","0000000000000000000000000000000000000000000000000000000000000000000000000000000000000000000000000000BBB0000BBB","1","1EB2BF"
"418","0000000000000000000000000000000000000000000000000000000000000000000000000000000000000000000000000000B000000000","1","13A78C"
"419","0000000000000000000000000000000000000000000000000000000000000000000000000000000000000000000000000000A000000000","1","703481"
"420","0000000000000000000000000000000000000000000000000000000000000000000000000000000000000000000000000000A000000000","1","1FA34F"
"421","0000000000000000000000000000000000000000000000000000000000000000000000000000000000000000000000000000B000000000","1","700607"
"422","0000000000000000000000000000000000000000000000000000000000000000000000000000000000000000000000000000A000000AAA","1","14C06F"
"423","0000000000000000000000000000000000000000000000000000000000000000000000000000000000000000000000000000B000000000","1","703368"
"424","0000000000000000000000000000000000000000000000000000000000000000000000000000000000000000000000000000B000000000","1","6FFF6C"
"425","0000000000000000000000000000000000000000000000000000000000000000000000000000000000000000000000000000A000000000","1","2965B2"
"426","0000000000000000000000000000000000000000000000000000000000000000000000000000000000000000000000000000AA00000AA0","1","7008EB"
"427","0000000000000000000000000000000000000000000000000000000000000000000000000000000000000000000000000000A000000000","1","14BF9A"
"428","0000000000000000000000000000000000000000000000000000000000000000000000000000000000000000000000000000B000000000","1","14BCA3"
"429","0000000000000000000000000000000000000000000000000000000000000000000000000000000000000000000000000000B000000000","1","978341"
"430","0000000000000000000000000000000000000000000000000000000000000000000000000000000000000000000000000000A000000000","1","1EAD3B"
"431","0000000000000000000000000000000000000000000000000000000000000000000000000000000000000000000000000000A000000A00","1","6FFD3A"
"432","0000000000000000000000000000000000000000000000000000000000000000000000000000000000000000000000000000A000000000","1","14C921"
"433","0000000000000000000000000000000000000000000000000000000000000000000000000000000000000000000000000000BBB0000B00","1","1362A0"
"434","0000000000000000000000000000000000000000000000000000000000000000000000000000000000000000000000000000B000000000","1","700781"
"435","0000000000000000000000000000000000000000000000000000000000000000000000000000000000000000000000000000B000000000","1","14B96F"
"436","0000000000000000000000000000000000000000000000000000000000000000000000000000000000000000000000000000BB00000000","1","1EAF52"
"437","0000000000000000000000000000000000000000000000000000000000000000000000000000000000000000000000000000B000000000","1","1FB2C1"
"438","0000000000000000000000000000000000000000000000000000000000000000000000000000000000000000000000000000B000000000","1","70342B"
"439","0000000000000000000000000000000000000000000000000000000000000000000000000000000000000000000000000000A000000000","1","136855"
"440","0000000000000000000000000000000000000000000000000000000000000000000000000000000000000000000000000000A000000000","1","14B9B9"
"441","0000000000000000000000000000000000000000000000000000000000000000000000000000000000000000000000000000C000000000","1","1009769"
"442","00000000000000000000000000000000000000000000000000000000000000000000000000000000000000000000000000000B00000000","1","19CF3C"
"443","00000000000000000000000000000000000000000000000000000000000000000000000000000000000000000000000000000C00000000","1","1009773"
"444","00000000000000000000000000000000000000000000000000000000000000000000000000000000000000000000000000000AB000BBB0","1","2A87F1"
"445","00000000000000000000000000000000000000000000000000000000000000000000000000000000000000000000000000000BB0000000","1","F81DBA"
"446","00000000000000000000000000000000000000000000000000000000000000000000000000000000000000000000000000000B00000BBB","1","1EA78C"
"447","00000000000000000000000000000000000000000000000000000000000000000000000000000000000000000000000000000A00000000","1","296D81"
"448","00000000000000000000000000000000000000000000000000000000000000000000000000000000000000000000000000000C00000000","1","1009820"
"449","00000000000000000000000000000000000000000000000000000000000000000000000000000000000000000000000000000B00000000","1","1009827"
"450","00000000000000000000000000000000000000000000000000000000000000000000000000000000000000000000000000000A00000000","1","6491C5"
"451","00000000000000000000000000000000000000000000000000000000000000000000000000000000000000000000000000000B00000000","1","36D659"
"452","00000000000000000000000000000000000000000000000000000000000000000000000000000000000000000000000000000AA0000AA0","1","2BB77E"
"453","00000000000000000000000000000000000000000000000000000000000000000000000000000000000000000000000000000A00000000","1","967FA0"
"454","00000000000000000000000000000000000000000000000000000000000000000000000000000000000000000000000000000B00000000","1","14C860"
"455","00000000000000000000000000000000000000000000000000000000000000000000000000000000000000000000000000000A00000000","1","1E9FDE"
"456","00000000000000000000000000000000000000000000000000000000000000000000000000000000000000000000000000000A00000000","1","14C880"
"457","00000000000000000000000000000000000000000000000000000000000000000000000000000000000000000000000000000B00000000","1","7034A5"
"458","00000000000000000000000000000000000000000000000000000000000000000000000000000000000000000000000000000B0B000000","1","620C40"
"459","00000000000000000000000000000000000000000000000000000000000000000000000000000000000000000000000000000BB0000B0B","1","766FB9"
"460","00000000000000000000000000000000000000000000000000000000000000000000000000000000000000000000000000000C00000000","1","1009869"
"461","00000000000000000000000000000000000000000000000000000000000000000000000000000000000000000000000000000A00000000","1","34CA53"
"462","00000000000000000000000000000000000000000000000000000000000000000000000000000000000000000000000000000BB0000000","1","701157"
"463","00000000000000000000000000000000000000000000000000000000000000000000000000000000000000000000000000000BB0000B00","1","96D5F5"
"464","00000000000000000000000000000000000000000000000000000000000000000000000000000000000000000000000000000A00000000","1","70F2B1"
"465","000000000000000000000000000000000000000000000000000000000000000000000000000000000000000000000000000000A0000ABA","1","14BFFA"
"466","000000000000000000000000000000000000000000000000000000000000000000000000000000000000000000000000000000A000A000","1","311BA7"
"467","000000000000000000000000000000000000000000000000000000000000000000000000000000000000000000000000000000C0000000","1","1009958"
"468","000000000000000000000000000000000000000000000000000000000000000000000000000000000000000000000000000000B0000000","1","623C40"
"469","000000000000000000000000000000000000000000000000000000000000000000000000000000000000000000000000000000B0000000","1","311000"
"470","000000000000000000000000000000000000000000000000000000000000000000000000000000000000000000000000000000A0000000","1","14C094"
"471","0000000000000000000000000000000000000000000000000000000000000000000000000000000000000000000000000000000000A000","1","FA7187"
"472","0000000000000000000000000000000000000000000000000000000000000000000000000000000000000000000000000000000000A000","1","C94957"
"473","0000000000000000000000000000000000000000000000000000000000000000000000000000000000000000000000000000000000A000","1","14C109"
"474","0000000000000000000000000000000000000000000000000000000000000000000000000000000000000000000000000000000000B000","1","607"
"475","0000000000000000000000000000000000000000000000000000000000000000000000000000000000000000000000000000000000B000","1","1010650"
"476","0000000000000000000000000000000000000000000000000000000000000000000000000000000000000000000000000000000000A000","1","1EADFE"
"477","0000000000000000000000000000000000000000000000000000000000000000000000000000000000000000000000000000000000B000","1","FA3E12"
"478","0000000000000000000000000000000000000000000000000000000000000000000000000000000000000000000000000000000000B000","1","20D721"
"479","0000000000000000000000000000000000000000000000000000000000000000000000000000000000000000000000000000000000BBC0","1","FAB87D"
"480","00000000000000000000000000000000000000000000000000000000000000000000000000000000000000000000000000000000000B00","1","FBA3DD"
"481","00000000000000000000000000000000000000000000000000000000000000000000000000000000000000000000000000000000000BB0","1","FB9E76"
"482","00000000000000000000000000000000000000000000000000000000000000000000000000000000000000000000000000000000000B00","1","11C53C"
"483","00000000000000000000000000000000000000000000000000000000000000000000000000000000000000000000000000000000000B00","1","FA6EFC"
"484","00000000000000000000000000000000000000000000000000000000000000000000000000000000000000000000000000000000000A00","1","CAB71B"
"485","00000000000000000000000000000000000000000000000000000000000000000000000000000000000000000000000000000000000AAA","1","FA6894"
"486","00000000000000000000000000000000000000000000000000000000000000000000000000000000000000000000000000000000000C00","1","1010816"
"487","00000000000000000000000000000000000000000000000000000000000000000000000000000000000000000000000000000000000B00","1","FB15B4"
"488","00000000000000000000000000000000000000000000000000000000000000000000000000000000000000000000000000000000000A00","1","FA3D86"
"489","00000000000000000000000000000000000000000000000000000000000000000000000000000000000000000000000000000000000A00","1","FB0F55"
"490","00000000000000000000000000000000000000000000000000000000000000000000000000000000000000000000000000000000000AA0","1","DBBC14"
"491","00000000000000000000000000000000000000000000000000000000000000000000000000000000000000000000000000000000000A00","1","C92C7E"
"492","00000000000000000000000000000000000000000000000000000000000000000000000000000000000000000000000000000000000A00","1","FBA3BF"
"493","00000000000000000000000000000000000000000000000000000000000000000000000000000000000000000000000000000000000C00","1","1010862"
"494","00000000000000000000000000000000000000000000000000000000000000000000000000000000000000000000000000000000000B00","1","FABEEE"
"495","00000000000000000000000000000000000000000000000000000000000000000000000000000000000000000000000000000000000BBB","1","3639BB"
"496","00000000000000000000000000000000000000000000000000000000000000000000000000000000000000000000000000000000000B00","1","451731"
"497","00000000000000000000000000000000000000000000000000000000000000000000000000000000000000000000000000000000000A00","1","FBAC1F"
"498","00000000000000000000000000000000000000000000000000000000000000000000000000000000000000000000000000000000000A00","1","2608"
"499","00000000000000000000000000000000000000000000000000000000000000000000000000000000000000000000000000000000000A00","1","1010892"
"500","00000000000000000000000000000000000000000000000000000000000000000000000000000000000000000000000000000000000AA0","1","CA8C68"
"501","00000000000000000000000000000000000000000000000000000000000000000000000000000000000000000000000000000000000B00","1","C9956F"
"502","00000000000000000000000000000000000000000000000000000000000000000000000000000000000000000000000000000000000AB0","1","FA7107"
"503","00000000000000000000000000000000000000000000000000000000000000000000000000000000000000000000000000000000000A00","1","F9FD57"
"504","00000000000000000000000000000000000000000000000000000000000000000000000000000000000000000000000000000000000AAA","1","43C223"
"505","00000000000000000000000000000000000000000000000000000000000000000000000000000000000000000000000000000000000A00","1","438656"
"506","00000000000000000000000000000000000000000000000000000000000000000000000000000000000000000000000000000000000A00","1","252C4E"
"507","00000000000000000000000000000000000000000000000000000000000000000000000000000000000000000000000000000000000BBB","1","FA4E84"
"508","00000000000000000000000000000000000000000000000000000000000000000000000000000000000000000000000000000000000C00","1","1010945"
"509","00000000000000000000000000000000000000000000000000000000000000000000000000000000000000000000000000000000000A0A","1","CA801D"
"510","00000000000000000000000000000000000000000000000000000000000000000000000000000000000000000000000000000000000B00","1","FA3A39"
"511","00000000000000000000000000000000000000000000000000000000000000000000000000000000000000000000000000000000000B00","1","DBC012"
"512","00000000000000000000000000000000000000000000000000000000000000000000000000000000000000000000000000000000000B00","1","C998CE"
"513","00000000000000000000000000000000000000000000000000000000000000000000000000000000000000000000000000000000000A00","1","229B49"
"514","00000000000000000000000000000000000000000000000000000000000000000000000000000000000000000000000000000000000BAA","1","FAF76C"
"515","00000000000000000000000000000000000000000000000000000000000000000000000000000000000000000000000000000000000BB0","1","FAB687"
"516","000000000000000000000000000000000000000000000000000000000000000000000000000000000000000000000000000000000000A0","1","F9DEC5"
"517","000000000000000000000000000000000000000000000000000000000000000000000000000000000000000000000000000000000000A0","1","FBA147"
"518","000000000000000000000000000000000000000000000000000000000000000000000000000000000000000000000000000000000000A0","1","DBB8F5"
"519","000000000000000000000000000000000000000000000000000000000000000000000000000000000000000000000000000000000000AA","1","C93679"
"520","000000000000000000000000000000000000000000000000000000000000000000000000000000000000000000000000000000000000B0","1","19653C"
"521","000000000000000000000000000000000000000000000000000000000000000000000000000000000000000000000000000000000000B0","1","DC6F1A"
"522","000000000000000000000000000000000000000000000000000000000000000000000000000000000000000000000000000000000000B0","1","FABC87"
"523","000000000000000000000000000000000000000000000000000000000000000000000000000000000000000000000000000000000000A0","1","FBBD6E"
"524","000000000000000000000000000000000000000000000000000000000000000000000000000000000000000000000000000000000000B0","1","FA7E3A"
"525","000000000000000000000000000000000000000000000000000000000000000000000000000000000000000000000000000000000000BA","1","CAB719"
"526","000000000000000000000000000000000000000000000000000000000000000000000000000000000000000000000000000000000000BB","1","FA5097"
"527","000000000000000000000000000000000000000000000000000000000000000000000000000000000000000000000000000000000000B0","1","232354"
"528","000000000000000000000000000000000000000000000000000000000000000000000000000000000000000000000000000000000000B0","1","FB9A75"
"529","000000000000000000000000000000000000000000000000000000000000000000000000000000000000000000000000000000000000AA","1","7002PP"
"530","000000000000000000000000000000000000000000000000000000000000000000000000000000000000000000000000000000000000BA","1","7001PP40m"
"531","0000000000000000000000000000000000000000000000000000000000000000000000000000000000000000000000000000000000000A","1","8003PP"
"532","0000000000000000000000000000000000000000000000000000000000000000000000000000000000000000000000000000000000000B","1","8004PP"
"533","0000000000000000000000000000000000000000000000000000000000000000000000000000000000000000000000000000000000000A","1","8001PP"
"534","0000000000000000000000000000000000000000000000000000000000000000000000000000000000000000000000000000000000000B","1","14C866"
"535","0000000000000000000000000000000000000000000000000000000000000000000000000000000000000000000000000000000000000B","1","8002PP"
"536","0000000000000000000000000000000000000000000000000000000000000000000000000000000000000000000000000000000000000C","1","1011396"
"537","0000000000000000000000000000000000000000000000000000000000000000000000000000000000000000000000000000000000000C","1","1011444"
"538","0000000000000000000000000000000000000000000000000000000000000000000000000000000000000000000000000000000000000C","1","1011463"
"539","0000000000000000000000000000000000000000000000000000000000000000000000000000000000000000000000000000000000000C","1","1011472"
"540","0000000000000000000000000000000000000000000000000000000000000000000000000000000000000000000000000000000000000B","1","6003PP"
"541","0000000000000000000000000000000000000000000000000000000000000000000000000000000000000000000000000000000000000B","1","6000PP"
"542","0000000000000000000000000000000000000000000000000000000000000000000000000000000000000000000000000000000000000B","1","6002PP"
"543","0000000000000000000000000000000000000000000000000000000000000000000000000000000000000000000000000000000000000B","1","5001PP"
"544","0000000000000000000000000000000000000000000000000000000000000000000000000000000000000000000000000000000000000B","1","6001PP"
"545","0000000000000000000000000000000000000000000000000000000000000000000000000000000000000000000000000000000000000B","1","5002PP"
"546","0000000000000000000000000000000000000000000000000000000000000000000000000000000000000000000000000000000000000B","1","5003PP"
"547","0000000000000000000000000000000000000000000000000000000000000000000000000000000000000000000000000000000000000B","1","98D5F5"
"548","0000000000000000000000000000000000000000000000000000000000000000000000000000000000000000000000000000000000000B","1","5000PP"
